segment	proposition	belief_type
Pero de todas formas, como mujer, [pienso] que es daros una mala imagen.	pienso	HREL
"Hace [relativamente] poco me empece a interesar por la historia de las matematicas, encontre un libro bastante interesante ""la hitoira de las matematicas"" Development of mathematics, de E T bell, aunqeu un poco viejo (1940) parece ser un de las fuentes mas relevantes sobre el tema hasta nuestros dias (mencionado por Gardner ) en inteligencias multiples."	relativamente	HPROP
Para una persona que [virtualmente] no	virtualmente	HPROP
"Pero si lo que vas a hacer es arriesgar tu nueva cuenta despreciando la autoridad de Kaerog para alimentar tu pequeño ego te [sugiero] que te arriesgues en cosas mas productivas y no en jugar al ""superhombre"" de una manera tan ridicula en un foro."	sugiero	HREL
Vuelvo a repetir, [quiza] no sea la acepción más ortodoxa de la palabra pero yo experimento una sensación, que es la elección, y a la que tengo que darle nombre.	quiza	HREL
Un niño no tiene personalidad porque los padres deciden por él; a medida que crezca, ese niño irá desarrollando sus gustos y creencias, [generalmente] ayudado por sus amigos, ya que son los que le darán un aire fresco a su perspectiva en la vida.	generalmente	HPROP
Y dentro de este universo de informacion los [pienso] a cada uno de ustedes y cuando lo hago me doy cuenta de que todos damos risa y todos nos reimos y nos burlamos de todos.	pienso	NH
Y si no lo pierde, entonces [pienso] que el oficial deberia darse EL LUJO de golpearlo de todas formas como defensa personal.	pienso	HREL
"De [la mayoria] de los temas ya esta en cierta manera ""resuelto"", creo que los que nos preocupa a nosotros es la muerte desde un punto de vista emocional (si es algun ser querido), o como proyectandola hacia nosotros, como un futuro totalmente cierto (algo ams metafisico)..."	la mayoria	HPROP
o [tal vez] todas son validas bajo determinadas cirunstancias.	tal vez	HREL
Pero no adoptan medidas para evitarlo, simplemente tienen un modelo de negocio que está [parcialmente] a salvo de la piratería.	parcialmente	HPROP
Si consideramos los mensajes mediáticos se hace patente que la imagen del hombre sufriendo o recibiendo dolor es harto [frecuentemente] difundida a través de los medios, sin que esto, por tratarse de un hecho tan generalizado, represente ningún tipo de efecto chocante.	frecuentemente	HPROP
Y aunque no fuera su intencion, no lo [podria] hacer.	podria	NH
Yo soy master de [varios] juegos de rol, como bien he leido por ahi atrás la idea de jugar a rol es interpretar lo que no somos, o lo que no podemos ser, la simple interpretacion ficticia de un personaje, como si fuese una obra de teatro con tus colegas.	varios	HPROP
Bueno agreguen de su cosecha o vean la película, que la verdad está en todos lados, acoto como llegue a la película y exponer la idea al foro estoy interesado en las vibración producidas por los instrumentos de viento, así estaba viendo en mercado libreen instrumentos y apareció un oboe a dije voy a escuchar como suena y entre a youtube, apareció Ennio Morricone - La Mision donde [suena] un oboe, bien luego dije a voy a ver la película para ver en qué momento se produce la música y las imágenes como para entender musicalmente la composición del autor, y claro doy con la idea de que es una analogía a la caverna de platón mas menos, además de plantear el desapego de lo material y miedos, liberarse de la mente y el ego es liberarse del miedo.	suena	NH
Porque lo que yo [entiendo] por fuerte no es lo mismo que lo que tu entiendes por fuerte.	entiendo	HREL
La cosa es que cuando tomamos una decisión, [parece] que tenemos libertad de elegir, pero realmente jamás podrías haber decido lo que no decidiste.	parece	HREL
Pues dado que en un sistema capitalista 'matas o mueres', no puedes darte el tiempo para tu salud, ni respiras aire puro pues todos necesitan de vehículos por apurados que están (y así comienza la larga campaña por contaminar lo [poco] que nos queda d mundo).	poco	NH
Por otro lado, se puede decir que lo que se no se puede imaginar no [necesariamente] no existe, ¿o si?	necesariamente	HREL
Un problema que [deberias] revisar es que no convences.	deberias	HREL
Personalmente te [sugiero] El Método de Descartes, del que aprenderás alguno que otro secretillo interesante jo jo; después, lo que sea que te encontrés.	sugiero	HREL
Intento descubrir de donde procede, al final [encuentro] una caja de color negro, pequeña, de forma rectangular, en la parte superior hay una rejilla y unos botones; ¿Qué será eso?... después de meditar unos minutos me doy cuenta de que se trata de una radio, una cosa que hacia años que no veía, me conformaré con ella.	encuentro	NH
Ya sabeis, una de las razones por la que la masa esta cada vez más aborregada, es por inclinación genética, pobres, aunque eso me lleva a una pregunta, ¿sin este aborregamiento inducido genéticamente [podria] sostenerse esta sociedad?	podria	HREL
Estuve leyendo [varios] temas de ese apartado y me queda lamentar la actual ausencia de Trini y Lopenovi, usuarios a los que da gusto leer.	varios	HPROP
Por supuesto todo esto es a nivel teórico, y si, como comento es [bastante] idealista, pero prefiero este tipo de teorías utópicas a determinismos o relativismos morales.	bastante	NH
En este país hay pocos que piensen como zapatero, como mucho habrá gente que piense como zapatero dice que piensa, pero sus actos y sus palabras [raramente] se corresponden.	raramente	HPROP
"[creo] que no tiene nada que ver con un ""individuo""."	creo	HREL
El que sea hereditaria simplemente garantiza que se evite su subasta al mejor postor, y nuevamente los intereses de por [medio], y que quien desempeña el papelito esté formado en exclusiva para eso.	medio	HPROP
No las esperes pronto, pues [la mayoria] de las veces mis lecturas son cuando estoy en cierto asuntillo en el tocador.	la mayoria	HPROP
Dada nuestra posibilidad de controlar nuestro destino [parcialmente], el destino global del ser humano está en parte legislado por algo desconocido y por nosotros mismos.	parcialmente	HPROP
Entonces no habia esa gran ayuda de los [multiples] universos...	multiples	HPROP
Bien, por otro lado veo que no ha negado mi queja, [asumo] que la acepta, entonces puede tomar el consejo señor Tomás.	asumo	HREL
Me [parece] interesante este tema, la verdad es que yo tuve perros (dos) desde pequeño hasta ahora.	parece	HREL
Y aunque [no se] hace lo que yo quiero, se hace algo que considero saludable.	no se	NH
Si tuviera que servir como etiqueta de presentación, lo sería porque modestamente [asumo] como propios los rasgos más característicos del filósofo holandés: un materialismo equidistante tanto del ramplón mecanicismo como del monismo metafísico; un racionalismo crítico; una teoría del conocimiento que se prolonga, a su vez, en una teoría de las pasiones, según la cual los hombres no somos sólo pura razón, ni puro sentimiento, sino una mezcla indisociable de ambos; una ética superadora de los clásicos dualismos, basada en la búsqueda la felicidad, pero siempre bajo la guía de la razón (o sea, bajo principios de justicia); y una filosofía política defensora de la libertad y de la democracia.	asumo	NH
El esfuerzo teórico de Max Weber, el más importante sociólogo político del siglo XX, dará en cierta forma continuidad a esa reflexión iniciada tempranamente y romperá, al mismo tiempo, con [algunos] de esos presupuestos clásicos.	algunos	HPROP
Pero esto es muy complicado y [parcialmente] subjetivo, considero que detras de este gran problema están implicados de lleno los gobiernos mundiales, ¿Por qué no ponernos de acuerdo para igualar las condiciones?	parcialmente	HPROP
Era una tarde de julio [particularmente] calurosa y húmeda y llegué a su casa empapado en sudor, después de un corto desplazamiento desde el pueblo.	particularmente	HPROP
Y esta manera que yo [propongo] en opinión personal (claro está) y que apoyo, es una manera conciente.	propongo	NH
Debo reconocer que el video me ha chocado [un poco].	un poco	HPROP
Yo tuve mi etapa super-hombre, [por decir algo], vamos si la tuve, hice cosas que traspasan lo correcto tan solo para llenar mi ego (no es aquí lugar para debatir de Nietzsche, estoy contando mi vida).	por decir algo	HPROP
Porque si te tienes que guíar por lo que es rentable y lo que no para que tu empresa funcione, pues encontramos que ayudar a la gente MUY [raramente] va a resultar rentable.	raramente	HPROP
Cuando Tito (así lo llamaban sus amigos) era un estudiante muerto de hambre en el México de mediados del siglo XX, vivía en una residencia con [varios] congéneres, entre los que destacaba uno muy grande y hablador apodado el dinosaurio.	varios	HPROP
"Pero pon un video donde se les vea cantar... yo empecé el hilo con esperanza de que personas que nunca se hayan acercado al carnaval, escuchándolo se acerquen un poco más, porque yo tengo la convicción de que cualquier persona que escuche [un par] de canciones ""buenas"" de carnaval acabará gustándole."	un par	HPROP
Evidentemente esto funciona dentro de un circulo [reducido] con personas especificas, por lo que no siempre tiene por qué funcionar tan bien, lo que además implica que...	reducido	HPROP
"De hecho hoy mismo le he planteado a un eterno currante [un par] de cosas al respecto y me ha dicho: ""¿y qué? aunque así fuera nunca lo vas a saber y aunque lo supieras no puedes hacer nada al respecto."	un par	HPROP
Por poner un ejemplo, un físico recién licenciado que superia escribir, en la carrera de filosofía no tendría prácticamente problemas (a parte de los obvios que requiere empollar) porque su manera de ver las cosas está mucho más entrenada que otro que va a filosofía directo (que [probablemente ]está mucho más abierto a ser manipulado).	probablemente	HREL
Vemos algo, lo interpretamos y lo representamos, ahi esta la creacion, no en lo que [se ve].	se ve	NH
En los países civilizados [casi] todos los hombres son iguales en cuanto al hecho de buscar trabajo para obtener un salario: para todos ellos el trabajo no es sino un medio, no el fin en sí; por eso son poco exigentes al elegir trabajo, el cual sólo les importa por la promesa de la ganancia, siempre que esta sea considerable.	casi	NH
Y nosotros que, los artistas los filósofos que, pisoteados,no cabemos en los modelos de la normalidad,[tal vez] amamos,soñamos como todos,disfrutamos de un día de sol como los normales,pero se nos niega todo esto,mientras no dejemos de ser creativos en exceso y pongamos en peligro su laberinto.	tal vez	HREL
- Si quieres charlar de si corresponde o no ser católico, te digo [mas o menos] lo del primer punto.	mas o menos	HPROP
Las dimensiones extra estarían compactificadas, o sea; [mas o menos] imagínate una manguera, si la observas de lejos verás sólo una línea, parece unidimensional; pero si la observas de cerca es un cilindro, o sea; ya es bidimensional....	mas o menos	HPROP
En cualquier caso, lo que hace que triunfe una persona, concluyendo, [diria] que es al margen de si es cualitativamente mejor o peor.	diria	HREL
mmm... Ya [algun] presocratico hablo de la necesidad del azar.	algun	HPROP
Sin embargo en todo plan hay algo de incertidumbre, y que algo segun una teoria deba funcionar a la perfeccion no significa que [necesariamente] lo hara, aun cuando las mediciones nos parezcan exactas.	necesariamente	HREL
Yo no me [considero] un Dios ni considero que tengo tanto control, yo la verdad me considero un peon mas que tiene como principal funcion conseguir dinero para gastarlo y vivir una vida dentro del sistema.	considero	NH
futuro: [aparentemente] le otorga un valor infinito, para que con esta autoconciencia	aparentemente	HPROP
Todas ellas, y de forma independiente, narraban una secuencia que parecía seguir un mismo patrón: audición de un zumbido extraño; visión del propio cuerpo visualizado desde fuera; sensación de encontrarse en un túnel oscuro, al final del cual se percibe una luz; [encuentro] con familiares o amigos anteriormente fallecidos; un diálogo con un ser luminoso; visión retrospectiva de la propia vida... hasta experimentar el regreso al cuerpo, con un posterior cambio de valores vitales y una nueva percepción del fenómeno de la muerte.	encuentro	NH
Si todo es posible, creo, no estoy muy [seguro], que prefiero la continuidad.	seguro	HREL
Significa que para ser un ser humano feliz [debe] respetar su naturaleza femenina y no buscar ser IGUAL AL HOMBRE.	debe	NH
"Me imagino que hay personas que muy en el fondo saben que no pueden ser 100% benevolentes, incorruptibles ni nada por el estilo, asi que creo que si vieran que alguien ""le sigue los pasos"" o ""depende de ellos emocionalmente"" y cosas por el estilo [probablemente ]se aprovecharian de la persona y de la situacion en algun momento."	probablemente	HREL
"supongo que ser iluminado llega al descubrir la ""verdad"" a ver la realidad de la verdad, y despues de eso ""subes de nivel"" xD aunque [seguramente] la verdad para uno para mi sea tan solo supunto de vista, ya que yo tendre que encotnrar mi propia verdad."	seguramente	HREL
"Y bueno, la parte religiosa se equivoca en interpretar la Biblia de una manera tan literal, ellos piensan que donde dice "" Y Dios [creo] al hombre y a la mujer a su semejanza"" piensan que de repente un hombre y una mujer aparecieron de la nada."	creo	HREL
"Las propuestas de ""municipalismo libertario"", de Murray Bookchin, o de ""política participativa"", de Stephen Shalom, son [particularmente] interesantes."	particularmente	HPROP
La mayoría de los sistemas de riego funcionan de manera ineficiente, por lo que se pierde [aproximadamente] el 60 por ciento del agua que se extrae, que se evapora o vuelve al cauce de los ríos o a los acuíferos subterráneos.	aproximadamente	HPROP
Genera nuevos órganos conforme incrementa su complejidad, la máquina es incapaz de cambiar, a no ser que [alguien] la cambie.	alguien	HPROP
Creo que tienes un pensamiento demasiado medieval, [deberias] dejar el Age Of Empires y salirte fuera a ver como es la calle, el mundo ha cambiado bastante, vale la pena...	deberias	HREL
Disculpa,lebensraum...una corrección:en el planeta hay [aproximadamente] 6.000.000.000 de seres humanos(seis mil millones).	aproximadamente	HPROP
El otro, séase el que se fuere, por lo menos tal vez, aunque con rostro insolente, puso los ojos en ti, [tal vez] te oyó, y tal vez te admitió a su lado, y tú jamás te has dignado de mirarte ni oírte.	tal vez	HREL
Yo, [particularmente] estaría más de acuerdo con Hume; empirista que contrapone que la mente es como un libro en blanco.	particularmente	NH
No debes abstenerte, al contrario, habla, grita, pero lo que no puedes pretender, es que [de repente] tu gobernases el mundo (puede pasar en cualquier momento...) o apoyar la idea de que alguien que tu consideras noble lo haga.	de repente	HPROP
Ahora solo estoy informado hasta la época [aproximadamente] de ortega y gasett, dado que un libro me dio todos los conocimientos de filósofos y teorías, pero el libro fue hecho en 1952 y obviamente no habla sobre mas autores que los de hasta esa época.	aproximadamente	HPROP
Por suerte [rara vez] es posible probar ese trastorno.	rara vez	HPROP
Hay quien dice que Cuba es una maravilla y [hay quien] dice que Cuba es una miseria (para ilustrar).	hay quien	HPROP
No creo haber dicho nunca nada parecido a que conozca la realidad objetiva, así que has debido de leer mal [bastantes] cosas mías para considerar que algo así es propio de mí.	bastantes	HPROP
El arte, entendido tal y como se entiende actualmente, es todo aquello que no tiene objetivo [alguno], que es creado para nada.	alguno	HPROP
Por ende tratar de crear un robot humano sería tratar de comprimir el comportamiento humano a 128 carácteres, lo cual es [virtualmente] imposible.	virtualmente	HPROP
La experiencia es subjetiva y el tiempo [a veces] va mas lento y a veces mas rapido (cuando hablo de tiempo subjetivo me refiero a experiencia del cambio).	a veces	HPROP
He colocado también a una mujer con [varios] hombre como imposibilidad de formar familia por el hecho, que a los varones, les sería imposible reconocer su paternidad sobre los hijos de su mujer.	varios	HPROP
Para que la filosofía siga su avance tiene que tomar en cuenta un factor muy importante que creo se ha dejado de lado porque tiene relación con una disciplina [relativamente] nueva que es el estudio de la psiquis y el inconsciente.	relativamente	HPROP
"Pues incluso ""angulo"" es una invencion nuestra que nos ha servido para referirnos a [algo] que hemos observado no? Cualquiera podria ponerle el nombre de ""angulo"" a cualquier cosa si quisiera, entonces la idea de lo que es un ""angulo"" se vuelve algo relativo, por lo tanto la ""Verdad"" sobre lo que se llama ""Angulo"" depende nuevamente desde la perspectiva que veamos las cosas."	algo	NH
si me pregunto a mí misma quién soy, tal vez no sepa explicarlo en una definición, pero tengo claro qué quiero, qué [siento], etc, así que en conjunto y si lo intento llegaría a una respuesta bastante acertada.	siento	NH
En el caso del alcohol ya se ha dicho muchas veces que sí, genera una dependencia física, pero otras drogas no lo hacne, la adicción es psicológica y se requiere de un consumo [bastante] habitual de la misma para que se desarrolle.	bastante	HPROP
Yo no pienso eso.En muchos casos la moral de rebaño es el conjunto de reglas éticas y morales que enseña,predica e impone el pastor a un conjunto social(las ovejas) sobre el cual tiene predominio.Pero el pastor puede no seguir o comportarse en su vida de acuerdo a esas normas que enseña y propone,quizá [parcialmente],ya que algunas otras reglas serían sólo para tomar control sobre los demás y por ende no serían necesariamente dictados de su propia conciencia.	parcialmente	NH
Ya [tal vez] luego pueda darse cuenta de la tonteria que se hace al intercambiar libertad por seguridad, y eso seria algo bueno.	tal vez	HREL
No sé si lo di bien a entender, pero el tabaco en mi opinión sería una de las drogas menos recomendable, pues lo considuro [practicamente] inutil por su relación poco beneficio contra gran poder adictivo, el alcohol es un arma de doble filo cuyos beneficios son más notorios, a pesar del riesgo que esta droga conlleva.	practicamente	HPROP
"Te advierto que hay algunos mensajes de un usuario llamado ""nemo"" que tienen [poco] que ver con el tema y que lo desvían, pero puedes seguir leyendo que más adelante se sigue hablando de los sueños."	poco	HPROP
1. En el primer mensaje intente hacer un chiste ironico (al parecer sin exito), pense que añadiendo este emoticon , los que lo leyeran lo iban a entender (pero [parece] que no fue asi en tu caso...)	parece	HREL
Sí reconozco que me da sentimiento cuando hay enfrentamientos, pero [supongo] que es inevitable y yo los he tenido.	supongo	HREL
No es posible demostrar la inexistencia de algo, ya que de la nada no se puede explicar nada (eso un absurdo), es decir, si tu me argumentas que me crea a priori algo que no es demostrable existencialemente estás pidiendo el principio (falacia), y ésto es con lo que juega todo creyente para defender sus ''creencias'', pero esto es retórica pura ya que parte del supuesto de que cabe tal posibilidad, y esto es lo que está por demostrar (si es que es posible (sic)) por parte de ellos, por mi parte digo que (yo me [considero] ateo, no agnóstico como al parecer tu te declaras entrelíneas) la existencia supone la posibilidad de ella y ésta a la vez presupone la necesidad.	considero	NH
¿Y que [alguien] que gana la mitad de dinero que tu, o el doble?	alguien	HPROP
Me referia al hecho de que es [un poco] falta de realismo decir que las drogas en si son neutrales, que depende de quien las use, cuando una mayoria de personas las usa mal.	un poco	HPROP
Si me preguntas que qué tiempo hace hoy y te digo el tiempo que hace en todas las poblaciones del mundo sin ninguna clase de indicación acerca de cuál es en la que vives, la respuesta será completamente cierta y no se contradice (que ya es más de lo que se puede decir de la filosofía) pero [seguramente] no te valga para absolutamente nada.	seguramente	HREL
Esta pregunta se parece mucho a una que ya hice; pero [tecnicamente] no és la misma.	tecnicamente	HPROP
Al margen de conspiranoias como esa, hay [bastantes] respuestas interesantes.	bastantes	HPROP
([por decir algo]) tu espiritu está más elevado que si eres un hombre sucio, descuidado, irascible, e impaciente.	por decir algo	HPROP
¿por que soy asi? pues [supongo] que por varios factores.	supongo	HREL
Creo que a día de hoy son bastantes más años.El juego viene estando anunciado desde el 98-99 [aproximadamente].	aproximadamente	HPROP
Pues yo no soy de ciencias políticas, no sé si habrá [alguna] teoría milagrosa que dé respuesta al enigma, pero yo tengo una relacionada con mi disciplina que podría ser válida.	alguna	HPROP
Dice usted que no será dogmatica y a reglón [seguido],articula ua serie de dogmas indiscutibles.	seguido	NH
Primero la gente que vota al PSOE [de repente] tendría que pensar que lo ha hecho mal y dejarles de gustar, y si les ha seguido gustando hasta ahora la probabilidad de que esto pase es poca.	de repente	HPROP
me siento con mis amigos a charlar sobre la vida y [casi] siempre concordamos en algo que mas tarde los veo contradecir con sus acciones.	casi	NH
Yo [considero] que, puesto que tambien es dificil encontrar la salida en las carreras con mas salidas, en el fondo estas mas bien en la alternativa de estudiar lo que te gusta o lo que no te gusta.	considero	HREL
fe razonada,,me [suena] a creencia con culpa..necesito justificar ante el mundo y ante mi que creo y porque creo ?	suena	HREL
Pasaba por ser, en tercer lugar, [esencialmente] incesante (recorriendo por su propia virtud una órbita recta o en forma espiral).	esencialmente	HPROP
Obviamente, la primera opción es bastante más realista; pero si te divierte más la segunda [deberias] decantarte por ésta.	deberias	HREL
Interesantes los datos que se menciona acerca del estudio del asesinato de animales no humanos a causa de mplacer, sin embargo esta operacion animal racional del matar por matar es muy concreta [basicamente] porque estamos fuera del alcanze de consevir una racionalidad animal no humana, con base en esto reitero que decimos que el hombre y solo el como ser pensate, dualista intweraccionista activo entre su yo y su ello es el unico que de manera formal hace un procesamiento mental de sus desiciones y elecciones, en este caso matar.	basicamente	HPROP
Y en esto, además, no sólo se ha de tener en cuenta lo que se hace, que se refiere a teorías económicas, de agentes, etc., la principal diferencia con el funcionalismo es considerar la felicidad personal del individuo a evaluar, que [raramente] será alta odiando, como en el ejemplo, todo lo que existe.	raramente	HPROP
muy buena presentacion, [espero] que disfrutemos compartiendo puntos de vista :3 nos vemos por la red? xD	espero	HREL
Pero Johny siempre me pareció el mejor, [seguido] de cerca por el ninja ese que nunca recuerdo el nombre.	seguido	NH
Cuando yo no [entiendo] algunas frases de Jvan, simplemente le pregunto.	entiendo	NH
Respecto al ladrillo con el simbolo todo está claro, un albañil iluminatí participaba sin duda en la construcción del edificio, puso ahi el ladrillo y [probablemente ]se vengase de todos nosotros haciendo un pobre trabajo en el alicatado del servicio.	probablemente	HREL
Lo que significa que el ser no sólo se muestra en el siendo, sino en algo que muestra su inevitable retroceso; y lo más y menos que ser, en [algo] que muestra su inagotable posibilidad.	algo	NH
Si existiera tal ser nos pondría a muchos en susitio [creo] yo xD.	creo	NH
Sin embargo, si creés en la realidad subjetiva, [deberias] rechazar la pregunta completamente.	deberias	HREL
Por lo que respecta, aunque esta palabra no es apropiada, a las «tesis», y concretamente a aquella que concierne a una diferencia irreductible a la oposición dialéctica, una diferencia «más profunda» que una contradicción (Différence et Répètition), una diferencia en la afirmación felizmente repetida («sí, sí»), la asunción del simulacro, Deleuze sigue siendo sin duda, a pesar de tantas diferencias, aquel de quien me he considerado siempre más cerca de entre todos los de esta «generación», jamás he sentido la menor «objeción» insinuarse en mí, ya fuese [virtualmente], contra ninguno de sus discursos, incluso si ha sucedido a veces que haya protestado contra tal o cual proposición de L'Anti-dipe (se lo dije un día mientras volvíamos juntos en coche de Nanterre, después de haber asistido a la lectura de una tesis sobre Spinoza) o tal vez contra la idea de que la filosofía consista en «crear» conceptos.	virtualmente	HPROP
No lo creo, [quiza] te estés refiriendo a estar satisfecho con tu vida, eso si se puede controlar mas.	quiza	HREL
"Compartiré algo contigo: yo aun no doy ningún paso, ¿estoy atemorizado?, aquí estoy hoy sin trabajo ni cursando estudios, ¿perdiendo el tiempo?, de vez en cuando me agobia la exigencia de ""hacer algo con mi vida"", ¿no estoy haciendo nada?, veo a todos trabajar o estudiar o ambas cosas, sin embargo soy el más sano, el más alegre, el más inteligente, al que todos hayan la razón, al que algunos porfían sin éxito (te hablo de mi [reducido] círculo de conocidos)."	reducido	HPROP
([por decir algo]).	por decir algo	HPROP
Los animales poseen sentimientos e inteligencia (no a nuestro nivel [aparentemente]).	aparentemente	HPROP
Así pues, al abordar esta situación, algunas personas llegan a la con­clusión de que la naturaleza humana es [basicamente] agresiva.	basicamente	HPROP
El conocimiento nunca es negativo, pero sí puede ser [a veces] el uso que se haga de él.	a veces	HPROP
Y yo no soy fumador (aunque muy [ocasionalmente] haya fumado alguna vez), pero defiendo a los fumadores.	ocasionalmente	HPROP
La máquina [esencialmente] está diseñada para interactuar con la inosfera, una capa de la atmósfera permanenetemente cargada de electricidad por el efecto dinamo del movimiento de rotación terrestre.	esencialmente	HPROP
Por ejemplo en la edad media, una buena manera de mantener el control era utilizando ilusiones mentales como la magia o la religion para infundir el temor hacia [algo] que dicta y controla la vida de los seres humanos (Dios).	algo	NH
Me es fisicamente imposible, en 10 minutos tengo ya los ojos rojos pero si he podido hacerlo desde mi celular y no [siento] cansancio en los ojos.	siento	NH
Y le refiero nuevamente lo que he escrito sobre la aletheia y el lethos no por que quiera repetirme no para que no quede esto último dicho de Dios como fundamento no es tan fundamenta quede en el aire sin explicación [alguna] y además la conclusión que asumo que para mi es importante en este punto que ante la imposibilidad de consenso se deben fijar las posiciones:	alguna	NH
Yo voy más allá,...¿Trazas de vidas anteriores o futuras?...[quien sabe]..	quien sabe	HREL
"Seria algo parecido al concepto de ""humano"", [sin duda] vemos a muchos humanos por todos lados, pero unos niegan la humanidad de otros por mil diferentes razones, reduciendolos a animales, insectos, salvajes, gusanos, etc, etc."	sin duda	HREL
"Y [necesariamente] llego a decir ""no hay problemas filosoficos"" o mejor dicho ""no hay problemas metafisicos"" ¿No es una forma de obviar?"	necesariamente	NH
Bueno antes que nada me presento, me llamo Luciano y desde siempre me ha gustado la filosofía y los debates filosoficos, como mi registración lo indica tengo 16 años y [espero] que esto no sea un obstaculo para el debate y la relación con los demás usuarios, saludos.	espero	HREL
El filosofar [supongo] que es por la negativa de querer desaparecer y que no quede nada de uno, y creo que es bueno filosofar sobre este tema sobre todo si enriquece para poder ser mas llevadero el camino hacia el morir	supongo	HREL
Si vamos a lamentarnos de algo, bien, eso demuestra un deseo de superacion, lo cual es importante, hay [algo] que perturba y molesta.	algo	NH
Cuando el medio cambie, [confio] en que la madre naturaleza nos ayudará a evolucionar.	confio	HREL
Asimismo era el camino de Jarry cuando desarrollaba su curiosa tesis sobre la anarquía: en el hacer-desaparecer, la anarquía tan sólo puede funcionar [tecnicamente], con máquinas, mientras que Jarry prefiere el estadio estético del crimen, y sitúa a De Quincey por encima de Vaillant.[xviii]	tecnicamente	HPROP
"Quiza para ser mas preciso [podrias] decir ""Queremos vivir""."	podrias	HREL
De hecho, que nos sintamos felices o desdichados en un momento determinado [frecuentemente] tiene que ver sobre todo con la forma de percibir nues­tra situación, con lo satisfechos que nos sintamos con lo que tene­mos actualmente.	frecuentemente	HPROP
Bueno, creo que estás hablando de casos extremos donde es evidente que [no se] ha hecho una buena utilización de la droga.	no se	NH
Personalmente creo que estas clases que organizaciones deben tener un timepo de vida [relativamente] corto, por ejemplo llegado su memento la asociacion de enfermeras negras de EEUU decidio autodisolverse, pues considero que a partir de ese momento su existnecia seria contraproducente en la busqueda de igualdad de derechos.	relativamente	HPROP
Pues [supongo] que tendrá que ver con nuestra cultura.	supongo	HREL
un documental de la BBC acerca de la psicologic que se centra [principalmente] en el psicoanalisis.	principalmente	HPROP
Para mi es puro y duro egoismo humano, y con ello creo que superamos el salvajismo animal en este aspecto, ellos matan generalmente por la necesidad de alimentarse y [rara vez] lo hacen por diversion.	rara vez	HPROP
La teoría de cuerdas en mi opinión no es ninguna tontería; aunque no se puede negar que tiene cierto carácter especulativo por el hecho de que estamos hablando de distancias de Planck, lo que hace muy difícil o casi imposible la comprobación experimental, sin embargo, existen ciertos modelos matemáticos que describen satisfactoriamente esta teoría aunque llevan a resultados [aparentemente] contradictorios.	aparentemente	HPROP
Ojos que no ven, corazón que no siente, [supongo].	supongo	HREL
Y [quien sabe] si tal vez solo el enfermo piensa en cosas más saludables y el saludable precisamente en la exuberancia, en lo que corrompe; Pero el saludable no deja de pensar saludablemente y el enfermo - enfermamente.	quien sabe	HREL
El control se ejerce cuando el rebaño se siente [reducido], devalorizado e insignificante ante la capacidad sobrehumana de alguien.	reducido	NH
Análisis posteriores concluyen que una [gran parte] de las culturas comparten un aborrecimiento psicológico hacia la práctica de relaciones sexuales o la tenencia de relaciones de parentesco adicionales entre individuos de la misma familia vinculados por otra relación de parentesco previa.	gran parte	HPROP
En realidad estoy solo siguiéndole el diálogo a Luxfero, pero en realidad no le obedecería a nadie que use solo el artificio de sus sesos para subyugarme, porque creo que no [hay quien] me venza, si no es antes por mi oratoria será después por mi obstinación que triunfaré.	hay quien	HPROP
Al convertirlo en mártir por predicar su filosofía, hizo que esa filosofía [de repente] cobrase mucha más importancia.	de repente	HPROP
Esta conducta hace muy difícil de demostrar la idea [ocasionalmente] defendida por las corrientes más radicales del feminismo afirmando que el hombre considerase en el pasado, y dentro de la supuesta sociedad patriarcal, a la mujer como a un ser de valor inferior al suyo propio, al que explotar u oprimir en condiciones de semiesclavitud, y a sus hijos como una propiedad con la que prácticamente no mantenía vínculación afectiva.	ocasionalmente	HPROP
Estoy [seguro] que a ti te gusta la libertad de expresion para los temas que consideras que son opinables sin cortapisas, pero hay que acostumbrase que para otros esos temas son diferentes a los tuyos, y hay que respetarlo si tu quieres ser resprtado.	seguro	HREL
Si tomamos la jarra como recipiente producido, entonces, parece, la tomamos como una cosa y en modo [alguno] como mero objeto.	alguno	HPROP
La diferencia entre una bestia y un dios, pero las cosas [rara vez] son completamente blancas o negras.	rara vez	HPROP
Simplemente me [siento] contento de pensar libremente y poder compartir ideas con tod@s ustedes y sobretodo me siento contento por que aprendo.	siento	NH
Yo diría que todo el mundo está en la misma media de felicidad [mas o menos].	mas o menos	HPROP
En realidad el ente solo puede Ser (aunque tambien no-ser pero siempre desde un anterior «es» del que se derivaria su contrario: «no-ser»), pues en todo caso no habria ente [alguno], pues incluso de la cosa de lo que vemos decimos igualmente «es entidad», «es algo», se dice entonces que el Ser entanto asi mismo posibilita lo ente (pues todo ente es y sin «es» no habria algo asi como lo que llamamos ente, cosa, etc...), se dice entonces que hay Ser del ente, podemos entonces tambien decir que en tanto el Ser no es algo pero tampoco es nada, y que posibilita al ente como ente, el ente tampoco seria del todo algo y del todo nada, un signo, un fantasma como diria Platon, pues el Ser posibilita al ente a ser como es.	alguno	HPROP
Emm, esta gente(2 ùltimos) no [entiendo] que hacen a las 6 de la maniana posteando O.o	entiendo	NH
Si escribo algo, es porque siento que no se está tomando en cuenta, créeme que de otro modo no lo haría, me abstengo de opinar en muchos temas precisamente porque ya se ha opinado lo que yo opino o porque [siento] que no tengo qué cosa aportar que no sea una obviedad.	siento	HREL
Lo animado parece distinguirse de lo inanimado [principalmente] por dos rasgos, movimiento y sensacion,	principalmente	HPROP
Porque [suena] muy políticamente correcto, pero yo no lo creo.	suena	HREL
No quise ser estricto en la terminologia y pense que iba a pasar desapercibido... En realdiad lo que veriamos es la luz reflejada por la tierra, que proviene del sol ([principalmente])	principalmente	HPROP
De esa forma el sexo [podria] circular mejor, no haría falta pagar a nadie, nunca se llegaría a la explotación.	podria	HREL
Lo decía [medio] en broma, pero no conozco a nadie así.	medio	HPROP
Primero, es especies o es niveles de conciencia, no es lo mismo; si hubiera una especie como la humana pero con alas ([por decir algo]) sería probablemente más compleja en cuanto a especie pero no en cuanto a nivel de conciencia.	por decir algo	HPROP
Por mi parte [asumo] el título del hilo como la pregunta.	asumo	NH
Tengo claro como deberíamos funcionar, pero como estamos en el peor de los mundos posibles, que se funcione en el caos de todos los vicios humanos no me afecta, está previsto en mi cosmovisión.... Mi vida transcurre en ocasiones rodeada de imbéciles, otras veces de fantoches, de vanidosos, de descerebrados... y [rara vez] encuentro a alguien que me merece la pena -en el sentido comunicativo de la palabra-.	rara vez	HPROP
Voy por la pagina 134 de este libro y me doy cuenta que me esta ayudadando mucho y, creo, que, al leer las 633 paginas, podrè dejar de quejarme de [bastantes] cosas.	bastantes	HPROP
Piensa que muchos de los consumidores de drgoas como la cocaína no la usan como artículo de consumo habitual, como podría ser el tabaco, sino que lo que hacen es [ocasionalmente] pilllarla en grandes cantidades para montar fiestas bestiales en los fines de semana.	ocasionalmente	HPROP
Es un mero ejemplo,existen muchas más,aunque ya [practicamente] se han perdido.	practicamente	NH
De todas formas, a la religión en occidente aun le quedan [un par] de siglos laaaargos antes de desaparecer.	un par	HPROP
Si quieres hacer una analogía entre la vagina y el pene y compararlos con corrientes filosóficas [aparentemente] opuestas, allá tu.	aparentemente	HPROP
Yo pienso algo respecto del ser negativo pero no lo voy a decir, si [alguien] dice algo parecido a lo mejor lo diga.	alguien	HPROP
Hola berto, a mi tampoco me gusta comprar cosas ni siquiera ni gastar dinero, ni si quiera me gusta el dinero aunque tambien es cierto que si tubiese mucho mas del que tengo que es muuuuuuuuuuuyyyy poco jeje seguramente seria mas feliz porque [podria] utilizarlo para hacer muchas cosas que me gustan y que ahora no puedo.	podria	NH
A mi [usualmente] me da mas hambre cuando estoy de buen humor	usualmente	HPROP
La verdad es que no se porque piensas eso, si bien es verdad que he dado muestras de que soy de izquierdas totalmente, tambien he dado muestras de que soy independiente de cualquier partido, aunque unos me resulten mas simpaticos que otros, cosa que me [imagino] que a ti tambien te ocurre	imagino	HREL
Pero por si acaso [alguien] sobrevive -los políticos tie­nen que encargarse de esto-, lo planean a la perfección.	alguien	HPROP
Incluso suponiendo (suponiendo mal) que la vida es solo conservacion y reproduccion, esto mismo, MISMO, marca una gran diferencia entre nosotros y el robot mas complejo y mas parecido (tambien me [imagino] como se insemina a un robot).	imagino	NH
Lo de filosofia en oriente me [parece] buena idea	parece	HREL
Lo de güeis era por una tontería que usamos [a veces] una amiga y yo.	a veces	HPROP
soy extremadamente competitivo; [a veces] es una virtud, a veces es un vicio.	a veces	HPROP
"Prueba de ello es cuando se está en completa oscuridad, ¿que [se ve]? nada, ""negro""."	se ve	NH
"""No creo que Dios quiera exactamente que seamos felices, quiere que seamos capaces de amar y de ser amados, quiere que maduremos, y yo [sugiero] que precisamente porque Dios nos ama nos concedió el don de sufrir; o por decirlo de otro modo: el dolor es el megáfono que Dios utiliza para despertar a un mundo de sordos; porque somos como bloques de piedra, a partir de los cuales el escultor poco a poco va formando la figura de un hombre, los golpes de su cincel que tanto daño nos hacen también nos hacen más perfectos."""	sugiero	HREL
Es decir, una vez establecido el criterio para saber quienes son los mejores de forma democratica se establece una norma a la cual todos deben someterse, o de otro modo tendran que irse a otro lado, y si osan desafiar esta decision pues [probablemente ]terminarian en prision o algo por el estilo.	probablemente	HREL
xddd [espero] que no te refieras al pobre pablo.	espero	HREL
Pasaron seis meses entra [bastantes] aventuras que no avanzaron mucho mi investigación.	bastantes	HPROP
Todo depende de la posición filosófica que adoptemos frente a la vida, [sin duda] que para muchos saber más puede ser el equivalente a una vida más placentera.	sin duda	HREL
Y creo que [la mayoria] de la filosofía es metafísica.	la mayoria	HPROP
"A veces cuando leo debates entre personas y cuando yo mismo participo en debates sobre ""El proposito"" de la vida o de la existencia humana me encuentro con argumentos que pretenden ser validos porque algo suele ser observado [frecuentemente] por ser algo que ""La Mayoria"" comparte."	frecuentemente	HPROP
En el caso del hombre, siempre ha sido su fortaleza la creatividad e ingenio para con el medio que lo rodea, tanto así que hoy en día el humano ha perdido sus dotes físicos del pasado (fuerza, velocidad, etc), los que antes poseía con naturalidad y ahora si los quiere [debe] hacer esfuerzos para conseguirlo.	debe	NH
Bueno, [usualmente] creemos que los egos son algo intrinseco a nosotros, y que no podemos cambiar.	usualmente	HPROP
yo personalmente creo por lo que yo entiendo como alma, pero no [creo] por alma, como algo inmortal, y mucho menos como algo que retenga nuestra conciencia y emociones cuando nosotros muramos, lo unico inmortal para mi es la energia, puesto que no se puede destruir.	creo	NH
oh si como respuesta a Albert e. para mi la SGm la gano en ese orden Rusia, EEUU, China, Italia, japon, Alemania, Francia e Inglaterra; claro esta que esta guerra significo la independencia de Africa y Asia algo que [rara vez] se señala	rara vez	HPROP
Extremistas: -Ni una mierda, el menor que asesina, [deberia] inexorablemente, dejar de ser menor en el momento en que comete el delito.	deberia	NH
La acrobacia economica [sin duda] requiere de cierta habilidad y de cierto ingenio que merece ser reconocido y valorado, ya que el buen uso de una herramienta (desde el punto de vista practico) da buenos resultados cuando se trata de generar riqueza.	sin duda	HREL
bueno, me arriesgo y te lo [sugiero]...	sugiero	HREL
Dentro de la filosofía de Nietzsche, los únicos que han creado valores nuevos son los judíos y los cristianos, [seguramente] por su visión sesgada eurocentrista, pues el nuevo testamento es filosofía oriental (budismo disfrazado).	seguramente	HREL
Yo también [encuentro] incompetentes a los jueces a los que les toca juzgar los míos.	encuentro	HREL
Pues mi opinión es que la ciencia llegará a una explicación certera y completa de lo que fisiológica y biológicamente es el amor y sus motivos, explicación con la que [seguramente] estaré en pleno acuerdo.	seguramente	HREL
Eso me [suena] a un error determinista.	suena	HREL
Porqué aunque todo efecto tenga su causa,y a tal ley causal nada ni nadie se [puede] escapar.	puede	NH
Hola Raquel, se me olvidó mencionar un pequeño detalle y [confio] que óbice no sea para nuestra amistad incipiente.	confio	HREL
Esto que [suena] árido y aburrido, puede simplificarse: lo que hasta ahora era regulado por los estados, pasará a ser mercado de libre comercio.	suena	HREL
Solo es un concepto, como Justicia ([por decir algo]), Zeus como divinidad representa bastante bien a la justicia.	por decir algo	HPROP
Pero son sistemas [relativamente] jóvenes que aún se pueden optimizar mucho más y mejorar.	relativamente	HPROP
muy [frecuentemente], incluía en sí mismo el estudio de la psicología.	frecuentemente	HPROP
Entre eso y que el método de enseñanza actual [raramente] atrae a nadie.	raramente	HPROP
Hasta ahora hemos presentado las cosas como si las diferentes fuerzas luchasen y se sucediesen en relación aun objeto [casi] inerte.	casi	NH
"De forma que no solo ""nos venden el producto"", sino nos hacen vender (aunque tambien hay otras formas de ganar dinero, pero [basicamente] es la oferta de bienes y servicios)."	basicamente	HPROP
pero [confio] porque siempre pense asi	confio	HREL
El significado que los griegos atribuían a lo físico no coincide en modo [alguno] con el que hoy tiene esta palabra, sino que designa la totalidad de la realidad empírica corpórea en cuanto sometida al nacimiento y, en general, al devenir.	alguno	HPROP
si [alguien] tiene el poder para mover a la gente, puede levantarlos en armas y ordenarles saquear y destruir los bancos.	alguien	HPROP
Y le refiero nuevamente lo que he escrito sobre la aletheia y el lethos no por que quiera repetirme no para que no quede esto último dicho de Dios como fundamento no es tan fundamenta quede en el aire sin explicación alguna y además la conclusión que [asumo] que para mi es importante en este punto que ante la imposibilidad de consenso se deben fijar las posiciones:	asumo	HREL
De hecho las únicas mujeres que tienen un lugar social son las prostitutas, [generalmente] mujeres libres, que pagan sus impuestos y que frecuentan los banquetes y polemizan al mismo nivel que los hombres.	generalmente	HPROP
2,- Usted esta sujeto al tiempo,usted nació, esta viviendo y lo más [seguro] es que mañana morirá.	seguro	HREL
Y si quieres saber mas sobre delirios te [sugiero] que investigues un poco mas sobre el movimiento New Age.	sugiero	HREL
Ésta frase es la justificación de por qué lo que has dicho es demagogia, [espero] la tuya.	espero	NH
El pobre de Albert te ha repetido 3 veces lo mismo, se [debe] sentir impotente ante tu obstinación.	debe	HREL
Has dejado [varios] temas con mensajes interminables como este, y literalmente interminables, porque no los revisas y no reparas en que el copiar y pegar que haces no cabe totalmente en el espacio que se te otorga para opinar.	varios	HPROP
Sin embargo... Ya que [imagino] por donde van tus tiros... Solo por curiosidad... ¿Que opinas de ésto?:	imagino	HREL
El sistema perfecto es imposible, no puede haber un sistema eterno que funcione con las sociedades presentes y futuras, ni aún siendo verdad todas las teorías de la conspiración que circulan por ahí, nisiquiera esa gente [virtualmente] todopoderosa podría detener ese cambio.	virtualmente	HPROP
Hemos hablado también de asesinato, de cuando son personas los niños... pero [sin duda] a la madre le tiene que doler muchísimo renunciar a su condición de mamá por causas externas como las explicadas anteriormente, o porque la sociedad las estrangule tanto que esa sea su única salida.	sin duda	HREL
"Si yo [imagino] el músculo separado de sus ""efectos"", le he negado..."	imagino	NH
Fue la clásica profecía que se cumple a sí misma  [casi].	casi	NH
Así por ejemplo la ciencia solo se ocupa de este mundo físico, cambiante y constante, (causalidad) no podría por consiguiente nunca [podria] comprender en su estudio a Dios, al Eidos, substancia, etc Es más, la ciencia no podría deducir nada ni trabajar nada si no es en nuestra precomprension del Ser como identidad, unidad consigo mismo, unidad, número.	podria	NH
Me cuestionas a mi, pero para decirme pederasta machista y falocentrico a mi, tambien deberias serlo tu! Pues de lo contrario no [podrias] siquiera afirmar esto:	podrias	HREL
En realidad, casi todas las mujeres nos gustan, sólo que [mas o menos].	mas o menos	NH
Yo creo que todos (o al menos [gran parte] de nosotros) fuimos hechos para ALGO.	gran parte	HPROP
Además, para definir esa categoría [debe] existir un correlato genético o cultural que lo sustente.	debe	NH
El hombre que desconoce esa emoción, que es incapaz de maravillarse y sentir el encanto y el asombro, está [practicamente] muerto.	practicamente	HPROP
Sé que estas preguntas no las hacemos desde el principio de los tiempos, pero yo [propongo] seguirlas descartando la religión que lo único que hace, es entorpecernos en nuestro camino del pensamiento.	propongo	HREL
Ello dependerá de [multiples] factores.	multiples	HPROP
Para que sea universal [debe] ser una ley, no que sea cierta y justificada.	debe	NH
Lo que veo fatal es que una minoria mande a una mayoria; incluso imaginando un ayuntamiento donde la minoria es española y la mayoria inmigrante, no veo claro, aunque tampoco lo descarto del todo, que esa minoria se imponga a [la mayoria].	la mayoria	NH
aunque uno no lo vea o no le parezca, cambiamos la forma de ser..tiene que ver con la madurez y la edad..al menos yo con 37 años agradezco el cambio que he tenido..de lo contrario si hubiera [seguido] siendo como en algun momento lo fuí...esto quizás nadie lo hubiera leido.	seguido	NH
Ay dios mio si, [hay quien] quiere morirse	hay quien	HPROP
Así que da igual si la gente decide dedicarse al fornicio o a la matanza, será [seguramente] virtual con un realismo prácticamente completo.	seguramente	HREL
No es [poco] oportuno hablar de arena, en todo caso, de relojes de arena.	poco	HPROP
"Entonces, corrupción no es ""aprovechamiento de poder"" sino que significa que se aprovecha el poder de forma tal que se lo utiliza de forma contraria a la que supuestamente [deberia] aprovecharlo."	deberia	NH
Eso es [virtualmente] imposible.	virtualmente	HPROP
"O [quien sabe], quizá y ellos simplemente ""hacen"" cosas que para nosotros son incomprensibles y nosotros somos los que le ponemos la ""etiqueta"" de milagro."	quien sabe	HREL
No sé por qué [encuentro] relación con estas palabras...:	encuentro	HREL
No tienes por que creerme a mi, aca te pongo [un par] de referencias (solo una cantidad infima, de la inmensidad de publicaciones, papers, libros, etc, que se escribio sobre teoria del caos, sistemas complejos, redes complejas, grafos, sistemas dinamicos, teoria de la informacion, y demas temas relacionados):	un par	HPROP
Ahora bien, si tu quieres a una persona y DECIDEs libremente tener una relaccion con esa persona y comprometerte, ahi es otra cosa, puesto que lo que eliges es comprometerte, y comprometerte significa que en situciones como esta que describes, seras fiel, apoyaras a la persona querida y demas, de todas formas como sugerencia, si tanto deseo sientes por tu vecina quizas [deberias] plantearte tu situaicon actual cn tu novia si esta ya no te atrae, o simplemente te atrae mas otra, experimentar es sano.	deberias	HREL
"Esta es la concepcion mecanica del eterno retorno, cuando se habla del ""eterno retorno de lo mismo"" se acude necesariamente al mecanicismo (la conbinacion de la fuerzas es finita y en algun momento se tendra que repetir [alguna]), si luxfero es un defensor del mecanicismo, no le parecera tan malo esta concepcion de eterno retorno."	alguna	HPROP
Cree lo que quieras, realmente me importa [poco] y nada lo que pienses fuera del foro.	poco	NH
¿Que quieren introducir diversidad en las señales de tráfico?.....PUES QUE PIENSEN Y HAGAN LO QUE QUIERAAAAAAAAAAAAAAAAAAAAAAAAN XD (entendiendo todos que soy consciente de que no me puedo desentender del todo del todo, porque [quien sabe] si yo llegaré a tener problemas con mi sueldo cuando me toque currar, que es básicamente lo único que me importa).	quien sabe	HREL
Coherente [puede] significar muchas cosas:que una teoria sea coherente significa que las proposiciones que contiene no deben entrar en contradiccion logica,esas proposiciones deben respetar modelos matematicos y ciertas leyes fisicas fundamentales,y deben ser representadas matematicamente;y todas las hipotesis deben ser en cierta formas contrastables con la experiencia.Asi lo veo yo.	puede	HREL
Cómo nota, yo estudio, pero llevo más de un año sin encontrar un trabajo, el último que tuve fue trabajando 12 horas más horas extras no pagadas, sin contrato, y cobrando 400... pero este año, en la aceituna que es donde realmente se ganaba dinero para [gran parte] del año... Ni eso, en vez de pagar 50 jornal a un trabajador español (el año pasado ya me pagaron a mi 40  y no 50), prefieren llevarse a inmigrantes y pagarles la mitad.	gran parte	HPROP
Para dar voz a [la mayoria] de los ciudadanos del mundo que no están a favor de las guerras ni de la carrera de armamento.	la mayoria	HPROP
- Un televisor con relog / o / Un reproductor de musica con relog / o / Un celular con relog que reproduzca mp3 ([alguno] de los tres)	alguno	NH
"Esa es una de las razones por las cuales nos han resultado utiles nuestros prejuicios, porque nos han ayudado a construir maquinas, pero estas maquinas tienen que someterse a una revision constante llamada ""mantenimiento"" porque son vulnerables al cambio, y si no hacemos un uso ""adecuado"" de ellas serian victimas de toda la cantidad de desorden y caos que [puede] llegar a haber en la realidad sin la intervencion de nuestros prejuicios y demandas morales y esteticas."	puede	HREL
Por cierto, uno no convence al drogadicto de que debe ser salvado, es cuando este pierde a su familia, a sus amigos, lo pierde todo, que empieza a sospechar que... [tal vez] hay algo que esta un poquito mal...	tal vez	HREL
Estaba siendo el mes de abril más frío del siglo y los árboles que circundaban la facultad de química todavía [no se] atrevían a florecer.	no se	NH
Samael es [usualmente] considerado como el verdadero nombre de Satán.	usualmente	HPROP
"Queria contaros, no se si sere rara, que casi todos los dias, estoy hablando y [de repente] digo algo especial, (por excentrico,o justo, o poetico, o certero, o ironico, etc) y a continuacion añado: ""es mi frase del dia""."	de repente	HPROP
Es lo que [entiendo], y si lo estoy entendiendo mal necesito una aclaración mejor	entiendo	HREL
Yo [particularmente] esperaría una sociedad que como mínimo contara con todas las personas que forman parte de ella, una sociedad que parte de que unos valen y otro no según el criterio empresarial, no me convence.	particularmente	NH
"A mí en casos como éste me viene a la mente la frase que escribió Orwell en el prólogo de Rebelión en la Granja, que venía a decir ""hagan del encarcelamiento de fascistas sin juicio previo una costumbre, y pronto [no se] aplicará sólo a los fascistas""."	no se	NH
Po supuesto que lo enfoco no como deseo, sino como lo [pienso]; no es un argumento para convencer a nadie, sino mi opinión, al igual que la suya:	pienso	NH
Cuando la base de [algun] razonamiento es una interpretación personal del mundo (normalmente en ultimo termino así es) se desbloquea la entrada a muchas otras opciones, siempre teniendo en cuenta minimos que exlcuyan el relativismo total.	algun	HPROP
Sin embargo y quiero aclarar que en mi valoración personal, la técnica (a pesar de ser relativa a la cultura de la cual provenga) me resulta más impresiva debido a que es una ciencia que todos podemos comprender (y de aquí mi idea de que el arte es creado por artistas para artistas) y valorar con mayor afinidad, mientras que el puro talento da lugar a la libre interpretación (lo que conlleva no entender siempre la intención del autor), por esto el arte francamente [no se] puede dar sin estas dos cualidades, aunque predomine una u otra dependiendo del artista, o bien el talentoso no podrá igualar las curiosidades científicas del artista técnico, o bien este otro no podrá dotar a sus obras de una personalidad y abstractividad mayor, que no están tan al alcance de la técnica.	no se	NH
"Si [entiendo], pero cuando se trata de lucha y de guerra siempre he utilizado ""mejor"" como sinonimo de ventaja/estrategia."	entiendo	NH
Como que no  en que mundo vives, existen multitud de documentos, desde los documentos romanos que demuestran la existencia de Jesucristo, hasta los [multiples] testimonios y milagros sellados por cientificos que no son capaces de explicarlo, hoy en dia.	multiples	HPROP
No se si [deberia] escribir esto.	deberia	HREL
